bathtub,30,83,114,63,BathShower1.png,500,772
bathtub,209,82,99,64,BathShower1.png,500,772
bathtub,362,69,94,74,BathShower1.png,500,772
bathtub,28,162,150,67,BathShower1.png,500,772
bathtub,196,163,134,72,BathShower1.png,500,772
bathtub,256,52,111,46,ShowerSink.jpg,500,449
bathtub,76,303,69,37,SinkShowerBath.png,602,546
bathtub,154,295,67,52,SinkShowerBath.png,602,546
bathtub,231,300,67,43,SinkShowerBath.png,602,546
bathtub,311,304,61,33,SinkShowerBath.png,602,546
bathtub,382,302,64,39,SinkShowerBath.png,602,546
