sink,37,665,150,38,BathShower1.png,500,772
sink,194,662,84,37,BathShower1.png,500,772
sink,298,665,51,42,BathShower1.png,500,772
sink,373,663,82,42,BathShower1.png,500,772
sink,30,248,34,29,ShowerSink.jpg,500,449
sink,4,203,83,36,ShowerSink.jpg,500,449
sink,14,282,62,51,ShowerSink.jpg,500,449
sink,28,342,36,31,ShowerSink.jpg,500,449
sink,14,379,64,49,ShowerSink.jpg,500,449
sink,289,5,43,42,ShowerSink.jpg,500,449
sink,85,96,51,33,Sinks+Dishwasher.png,506,771
sink,313,95,76,32,Sinks+Dishwasher.png,506,771
sink,307,174,85,32,Sinks+Dishwasher.png,506,771
sink,85,174,50,33,Sinks+Dishwasher.png,506,771
sink,28,516,80,46,Sinks+Dishwasher.png,506,771
sink,130,519,69,66,Sinks+Dishwasher.png,506,771
sink,9,39,57,44,SinkShowerBath.png,602,546
sink,83,40,62,43,SinkShowerBath.png,602,546
sink,152,37,73,48,SinkShowerBath.png,602,546
sink,239,37,56,47,SinkShowerBath.png,602,546
sink,313,37,54,53,SinkShowerBath.png,602,546
sink,385,40,59,42,SinkShowerBath.png,602,546
sink,459,32,59,55,SinkShowerBath.png,602,546
sink,536,29,60,61,SinkShowerBath.png,602,546
sink,9,125,57,40,SinkShowerBath.png,602,546
sink,77,117,64,54,SinkShowerBath.png,602,546
sink,162,113,48,67,SinkShowerBath.png,602,546
sink,227,115,70,63,SinkShowerBath.png,602,546
