sink,22,61,94,67,bt-02_orig.jpg,600,314
sink,142,62,89,67,bt-02_orig.jpg,600,314
sink,253,55,102,83,bt-02_orig.jpg,600,314
sink,370,54,102,86,bt-02_orig.jpg,600,314
sink,487,56,92,79,bt-02_orig.jpg,600,314
sink,75,201,87,69,bt-02_orig.jpg,600,314
sink,188,191,94,73,bt-02_orig.jpg,600,314
sink,315,194,87,71,bt-02_orig.jpg,600,314
sink,427,192,93,78,bt-02_orig.jpg,600,314
sink,33,30,224,94,bt-03_orig.jpg,600,314
sink,327,34,223,98,bt-03_orig.jpg,600,314
sink,32,189,224,94,bt-03_orig.jpg,600,314
sink,321,189,238,97,bt-03_orig.jpg,600,314
sink,8,167,39,31,sinks.png,758,780
sink,61,165,41,31,sinks.png,758,780
sink,112,166,39,31,sinks.png,758,780
sink,163,163,42,34,sinks.png,758,780
sink,222,162,41,33,sinks.png,758,780
sink,278,162,39,32,sinks.png,758,780
sink,330,164,43,31,sinks.png,758,780
sink,386,162,43,33,sinks.png,758,780
sink,439,164,37,30,sinks.png,758,780
sink,490,163,40,33,sinks.png,758,780
sink,541,164,39,32,sinks.png,758,780
sink,595,165,39,30,sinks.png,758,780
sink,647,165,37,30,sinks.png,758,780
sink,698,165,37,31,sinks.png,758,780
sink,11,240,33,32,sinks.png,758,780
sink,71,239,36,33,sinks.png,758,780
sink,127,245,32,28,sinks.png,758,780
sink,176,241,30,31,sinks.png,758,780
sink,223,246,31,26,sinks.png,758,780
sink,269,241,34,31,sinks.png,758,780
sink,316,245,31,29,sinks.png,758,780
sink,360,241,29,32,sinks.png,758,780
sink,404,244,35,29,sinks.png,758,780
sink,455,240,39,33,sinks.png,758,780
sink,512,238,41,34,sinks.png,758,780
sink,565,247,31,27,sinks.png,758,780
sink,612,242,34,30,sinks.png,758,780
sink,664,241,36,31,sinks.png,758,780
sink,714,242,34,31,sinks.png,758,780
sink,4,327,41,27,sinks.png,758,780
sink,56,321,43,33,sinks.png,758,780
sink,111,320,34,34,sinks.png,758,780
sink,158,320,39,35,sinks.png,758,780
sink,205,324,32,30,sinks.png,758,780
sink,248,329,26,24,sinks.png,758,780
sink,281,322,38,32,sinks.png,758,780
sink,333,322,35,31,sinks.png,758,780
sink,385,322,35,32,sinks.png,758,780
sink,437,323,35,31,sinks.png,758,780
sink,487,325,32,29,sinks.png,758,780
sink,535,324,36,30,sinks.png,758,780
sink,586,325,35,30,sinks.png,758,780
sink,635,335,23,19,sinks.png,758,780
sink,667,313,42,40,sinks.png,758,780
sink,722,320,32,34,sinks.png,758,780
sink,6,394,35,34,sinks.png,758,780
sink,53,397,34,30,sinks.png,758,780
sink,106,399,35,29,sinks.png,758,780
sink,153,394,38,34,sinks.png,758,780
sink,235,396,33,33,sinks.png,758,780
sink,280,396,33,33,sinks.png,758,780
sink,327,396,31,32,sinks.png,758,780
sink,396,399,44,34,sinks.png,758,780
sink,456,410,33,23,sinks.png,758,780
sink,503,405,31,30,sinks.png,758,780
sink,667,407,64,31,sinks.png,758,780
sink,11,472,50,30,sinks.png,758,780
sink,80,471,49,30,sinks.png,758,780
sink,143,472,49,29,sinks.png,758,780
sink,212,467,61,35,sinks.png,758,780
sink,291,467,80,35,sinks.png,758,780
sink,393,469,43,33,sinks.png,758,780
sink,458,466,57,36,sinks.png,758,780
sink,544,467,89,35,sinks.png,758,780
