toilet,53,18,20,31,picture6.PNG,601,515
toilet,88,17,22,32,picture6.PNG,601,515
toilet,132,17,23,34,picture6.PNG,601,515
toilet,175,18,26,33,picture6.PNG,601,515
toilet,213,17,25,32,picture6.PNG,601,515
toilet,253,18,25,32,picture6.PNG,601,515
toilet,294,17,20,30,picture6.PNG,601,515
toilet,327,17,26,31,picture6.PNG,601,515
toilet,369,16,17,30,picture6.PNG,601,515
toilet,401,18,25,29,picture6.PNG,601,515
toilet,505,19,25,35,picture6.PNG,601,515
toilet,549,17,25,34,picture6.PNG,601,515
toilet,53,80,22,34,picture6.PNG,601,515
toilet,87,82,23,30,picture6.PNG,601,515
toilet,120,82,22,31,picture6.PNG,601,515
toilet,157,82,22,32,picture6.PNG,601,515
toilet,190,81,22,32,picture6.PNG,601,515
toilet,227,82,27,34,picture6.PNG,601,515
toilet,263,81,25,34,picture6.PNG,601,515
toilet,303,82,21,31,picture6.PNG,601,515
toilet,333,82,25,30,picture6.PNG,601,515
toilet,374,82,26,34,picture6.PNG,601,515
toilet,420,82,24,33,picture6.PNG,601,515
toilet,466,82,25,33,picture6.PNG,601,515
toilet,513,83,23,32,picture6.PNG,601,515
toilet,551,83,28,30,picture6.PNG,601,515
toilet,53,138,24,34,picture6.PNG,601,515
toilet,86,138,23,31,picture6.PNG,601,515
toilet,119,138,26,33,picture6.PNG,601,515
toilet,187,138,22,29,picture6.PNG,601,515
toilet,215,138,24,31,picture6.PNG,601,515
toilet,245,136,28,36,picture6.PNG,601,515
toilet,281,138,27,31,picture6.PNG,601,515
toilet,319,137,26,34,picture6.PNG,601,515
toilet,355,137,24,29,picture6.PNG,601,515
toilet,390,138,23,28,picture6.PNG,601,515
toilet,425,138,24,28,picture6.PNG,601,515
toilet,464,137,28,32,picture6.PNG,601,515
toilet,509,138,28,33,picture6.PNG,601,515
toilet,555,137,28,34,picture6.PNG,601,515
toilet,53,192,23,34,picture6.PNG,601,515
toilet,87,192,25,36,picture6.PNG,601,515
toilet,119,193,20,27,picture6.PNG,601,515
toilet,148,193,23,30,picture6.PNG,601,515
toilet,184,193,24,34,picture6.PNG,601,515
toilet,224,194,21,31,picture6.PNG,601,515
toilet,254,195,29,34,picture6.PNG,601,515
toilet,292,194,25,32,picture6.PNG,601,515
toilet,328,193,16,30,picture6.PNG,601,515
toilet,360,194,25,35,picture6.PNG,601,515
toilet,396,195,23,33,picture6.PNG,601,515
toilet,433,196,23,32,picture6.PNG,601,515
toilet,472,196,27,32,picture6.PNG,601,515
toilet,517,196,25,32,picture6.PNG,601,515
toilet,562,197,19,26,picture6.PNG,601,515
toilet,49,261,28,34,picture6.PNG,601,515
toilet,94,253,28,43,picture6.PNG,601,515
toilet,140,258,28,37,picture6.PNG,601,515
toilet,185,258,21,37,picture6.PNG,601,515
toilet,229,262,25,32,picture6.PNG,601,515
toilet,273,258,23,36,picture6.PNG,601,515
toilet,317,262,23,33,picture6.PNG,601,515
toilet,359,267,27,28,picture6.PNG,601,515
toilet,409,260,26,34,picture6.PNG,601,515
toilet,457,249,30,45,picture6.PNG,601,515
toilet,507,261,24,33,picture6.PNG,601,515
toilet,556,261,22,33,picture6.PNG,601,515
toilet,52,317,28,43,picture6.PNG,601,515
toilet,102,325,28,38,picture6.PNG,601,515
toilet,147,333,27,29,picture6.PNG,601,515
toilet,200,327,20,37,picture6.PNG,601,515
toilet,241,330,21,33,picture6.PNG,601,515
toilet,286,331,24,32,picture6.PNG,601,515
toilet,327,335,26,29,picture6.PNG,601,515
toilet,374,334,23,28,picture6.PNG,601,515
toilet,421,335,24,28,picture6.PNG,601,515
toilet,466,335,22,28,picture6.PNG,601,515
toilet,507,337,27,26,picture6.PNG,601,515
toilet,553,331,24,32,picture6.PNG,601,515
toilet,52,391,34,36,picture6.PNG,601,515
toilet,100,394,38,33,picture6.PNG,601,515
toilet,154,399,45,28,picture6.PNG,601,515
toilet,208,395,30,32,picture6.PNG,601,515
toilet,256,394,35,32,picture6.PNG,601,515
toilet,305,399,37,28,picture6.PNG,601,515
toilet,351,399,33,27,picture6.PNG,601,515
toilet,411,391,35,35,picture6.PNG,601,515
toilet,455,390,32,36,picture6.PNG,601,515
toilet,502,401,39,25,picture6.PNG,601,515
toilet,549,394,35,33,picture6.PNG,601,515
toilet,50,467,35,28,picture6.PNG,601,515
toilet,95,475,31,19,picture6.PNG,601,515
toilet,136,464,31,30,picture6.PNG,601,515
toilet,178,475,31,20,picture6.PNG,601,515
toilet,220,463,35,32,picture6.PNG,601,515
toilet,265,464,28,32,picture6.PNG,601,515
toilet,300,463,32,33,picture6.PNG,601,515
toilet,346,466,34,29,picture6.PNG,601,515
toilet,396,459,33,35,picture6.PNG,601,515
toilet,447,469,33,26,picture6.PNG,601,515
toilet,495,459,37,37,picture6.PNG,601,515
toilet,544,463,34,32,picture6.PNG,601,515